sample_index,camera_iou,camera_radar_iou,iou_delta,camera_seconds,camera_radar_seconds
0,0.09305209666490555,0.3165265619754791,0.22347446531057358,0.08913362900057109,0.08883879600034561
1,0.16576379537582397,0.2820196747779846,0.11625587940216064,0.09330274799867766,0.0884371390020533
2,0.17584744095802307,0.2907431125640869,0.11489567160606384,0.08752587200069684,0.08963867200145614
3,0.11917806416749954,0.2870619595050812,0.16788389533758163,0.08880785400106106,0.09043241299877991
4,0.15504805743694305,0.35764700174331665,0.2025989443063736,0.08745841400013887,0.09167486700243899
5,0.11728393286466599,0.3330058455467224,0.21572191268205643,0.09268871699896408,0.09514392400160432
6,0.12129627913236618,0.2275179624557495,0.10622168332338333,0.08889418199760257,0.09281158999874606
7,0.13632118701934814,0.22448977828025818,0.08816859126091003,0.08782790500117699,0.09271918200101936
8,0.08157894015312195,0.3306451141834259,0.24906617403030396,0.08839178100242862,0.09347539600275923
9,0.04281345009803772,0.2575300931930542,0.21471664309501648,0.08782112399785547,0.09332291200189502
