index,name,role,kind,finite_fraction,min,p01,median,mean,std,p99,max,unique,recommendation
0,x,position,continuous,1.0,-256.56341552734375,-167.74240982055665,-15.57761001586914,-12.686121940612793,52.11757278442383,116.40995986938493,132.38571166992188,4170,"use, normalize"
1,y,position,continuous,1.0,-76.12342071533203,-46.96262706756592,1.3200945854187012,2.4487807750701904,18.889598846435547,45.79945983886727,148.76190185546875,4170,"use, normalize"
2,z,position,continuous,1.0,0.15857073664665222,0.3375883078575134,0.5243769288063049,0.5569499731063843,0.10284080356359482,0.810722348690033,1.031070590019226,2930,"use, normalize"
3,dyn_prop,state,categorical,1.0,0.0,0.0,1.0,1.8871428966522217,1.4025917053222656,6.0,6.0,7,optional mask
4,id,identifier,categorical,1.0,0.0,0.0,50.0,53.90976333618164,36.409366607666016,122.0,124.0,125,do not use
5,rcs,appearance,continuous,1.0,-5.0,-5.0,4.0,5.143333435058594,7.342508316040039,27.50500000000011,42.0,85,"use, robust norm"
6,vx,raw velocity,continuous,1.0,-10.75,-6.75,3.0,0.9989285469055176,4.376832485198975,7.5,77.25,81,skip initially
7,vy,raw velocity,continuous,1.0,-1.5,-0.75,0.75,1.2438690662384033,1.6659692525863647,6.752500000000055,14.0,52,skip initially
8,vx_comp,ego-comp velocity,continuous,1.0,-15.595479011535645,-7.602340488433838,0.018477939069271088,-0.3542223572731018,1.9009957313537598,1.965706732273117,54.88503646850586,4184,use after rotation
9,vy_comp,ego-comp velocity,continuous,1.0,-33.06598663330078,-1.8432503700256349,-0.0024724584072828293,-0.02637101337313652,0.7225669026374817,1.8984840130806,4.79486608505249,4184,use after rotation
10,is_quality_valid,quality,categorical,1.0,1.0,1.0,1.0,1.0,0.0,1.0,1.0,1,quality mask
11,ambig_state,quality,categorical,1.0,0.0,0.0,3.0,2.7142856121063232,0.8172460198402405,3.0,3.0,4,quality mask
12,x_rms,uncertainty code,categorical,1.0,0.0,0.0,19.0,18.411666870117188,4.712223529815674,22.0,23.0,6,optional later
13,y_rms,uncertainty code,categorical,1.0,0.0,0.0,19.0,18.684524536132812,4.864912986755371,24.0,29.0,12,optional later
14,invalid_state,quality,categorical,1.0,0.0,0.0,0.0,4.263571262359619,5.3488593101501465,16.0,16.0,12,quality mask
15,pdh0,false-alarm code,categorical,1.0,1.0,1.0,1.0,1.9676190614700317,1.411314606666565,6.0,6.0,3,quality weight
16,vx_rms,uncertainty code,categorical,1.0,0.0,0.0,16.0,15.459524154663086,3.9617552757263184,19.0,20.0,6,optional later
17,vy_rms,uncertainty code,categorical,1.0,0.0,0.0,3.0,2.819999933242798,0.7124605178833008,3.0,3.0,2,optional later
18,time_lag,temporal,continuous,1.0,-0.05430102348327637,-0.050454139709472656,0.0,0.001645940588787198,0.03041686676442623,0.05844902992248535,0.05844902992248535,41,"use, normalize"
